SET IDENTITY_INSERT [dbo].[AppRoles] ON 

INSERT [dbo].[AppRoles] ([Id], [Name]) VALUES (1, N'CompanyAdmin')
INSERT [dbo].[AppRoles] ([Id], [Name]) VALUES (2, N'User')
INSERT [dbo].[AppRoles] ([Id], [Name]) VALUES (3, N'SuperAdmin')
INSERT [dbo].[AppRoles] ([Id], [Name]) VALUES (4, N'UserDashletEditor')
SET IDENTITY_INSERT [dbo].[AppRoles] OFF
SET IDENTITY_INSERT [dbo].[AppUsers] ON 

INSERT [dbo].[AppUsers] ([Id], [Email], [Password], [PasswordSalt]) VALUES (3, N'use323r@user.com', N'7Q2dJTyapdxLcdXt9iX772sh8k2F4Bo3uHx/Oiv8UftLL26xOhZJfPI6KRLxzUHVYA564MtCLFPq7KP/VVNhVg==', N'100000.wqZd/rQoXeoVfX0rPwxRG+NkQlrFxX3XffX7iMQt1l8H3w==')
INSERT [dbo].[AppUsers] ([Id], [Email], [Password], [PasswordSalt]) VALUES (4, N'user63611@user.com', N'Gw5ftCYWkwSTwpbT7lzeXRfi5Od1XMVca7ugRY4bdRV477PQc1AYLVXJ1AgK+zIbyIxzsQntnTvMyvakuyPRqQ==', N'100000.zwRG2gXEne4Tuc2BGEvTlqrqqsW9xy+x4pYQSSGm9As4oA==')
INSERT [dbo].[AppUsers] ([Id], [Email], [Password], [PasswordSalt]) VALUES (7, N'userrr@user.com', N'zOmco8JIxvHzKU8Psp1d8QOrahQCfltlGvKSRvE5rAC9LYwOQGxExtt9ZaeTRxyk87Cz1DMk//TBPAovd9PU4Q==', N'100000.RB9KonZw2DPRSbnRRKNyCNv9iEoJwo7kRtpiGz/PSnf+Yg==')
INSERT [dbo].[AppUsers] ([Id], [Email], [Password], [PasswordSalt]) VALUES (8, N'userrr1@user.com', N'bjGlbRWLcaR3TvE08dQliT2OxPmsC+PZVB+Kcogs3cLs7P+Wpc9aQl/cv00kYkWdoxFnANyrWgXtO57SLay5EQ==', N'100000.BJnaAne4N1KQVWulbfCm1uXn1/m2AEgED43/ymih4lPufQ==')
INSERT [dbo].[AppUsers] ([Id], [Email], [Password], [PasswordSalt]) VALUES (9, N'useryura@user.user', N'2lbVX0+LA8revOGlTr0g9nSQUhLfhUAz/JBFv88bW6TUTx42GXFsPqqhxeneHT67H/5EQFPgGkJ7bdNV7v1OWA==', N'100000.MqUkahCZl9JxccpPZN6DOc0Ocx3rX5GYbkeldGpkxcT6pQ==')
INSERT [dbo].[AppUsers] ([Id], [Email], [Password], [PasswordSalt]) VALUES (10, N'u23ser@user.com', N'ZYuc8TxcI2OsOV87iWy4MOMth2TGBTmxh0amz3BJnK/LEzdbJuzGLpZ7ePTNfeiQMT2+MfYxhIw41M/Y2ou6CA==', N'100000.vbQrDZtoXvlMqzJnpnY4ri2/P8EgFf4L8YTJSLfClwnh4A==')
INSERT [dbo].[AppUsers] ([Id], [Email], [Password], [PasswordSalt]) VALUES (11, N'user555@user.com', N'i6j17Sa9u/rxhIfad/d3EmHx6I9RLAS9D9FwlL2fWhFL/fEAEtrp/R91Y/QJHpO9Pd462xkcVdQ1Pv4vck/L4Q==', N'100000.n+LJjwWeB0zrKlp7jux2nnjzsXBbOPmcM+tSVz8p85nRJA==')
INSERT [dbo].[AppUsers] ([Id], [Email], [Password], [PasswordSalt]) VALUES (12, N'user444@user.com', N'n7ZB4YGRWlj9OAtp8NUsvBxbEFml7KOv2FW6SNpze70QVDE6uIIRfeIV9LDjaPo73G4ntfY9vRXZQTAilRKs8w==', N'100000.YcIgCzZX3nQo5g4+TamaKUNTDrtCBvWRpnPQ7GP7dfrBhw==')
INSERT [dbo].[AppUsers] ([Id], [Email], [Password], [PasswordSalt]) VALUES (13, N'user@user.comww', N'WYp3R0l3yHjOoBo6BykUQac4g3K8i88AfM+EvgEzEFS4NHg5PvGZMfdXZK6QluAk2rOr4v9nkBrhN1s2L/fRrQ==', N'100000.FJebqmHwESyon9V/YjmnZO+XlOvOdGcVPGTbp5fF/FNgCw==')
INSERT [dbo].[AppUsers] ([Id], [Email], [Password], [PasswordSalt]) VALUES (14, N'user@user.comggg', N'TS/0AgtpLbLnzDjpu1uj7146WbrSq46Iw3PZfKoASsimGubORqTKFQLSW7b/PloPk677HQimnSORR8HZdhU0Jg==', N'100000.xpmz3qTnhkK/KFUtH+znPKQ5HiBlUTB5q+Zrst3VIzKBwA==')
INSERT [dbo].[AppUsers] ([Id], [Email], [Password], [PasswordSalt]) VALUES (15, N'u123ser@user.com', N'lj3DcNeMIz41XCBbx75AqpHuoydl5beOqtedPBJoxkumTEwuQh7uOr+YfoKYh1WFK6IaSZp7zyGuZK+zk710dw==', N'100000.GP5BbYgD5l4DKTbGspArnv8qOQ5Mni8epkykOSe338F1hw==')
INSERT [dbo].[AppUsers] ([Id], [Email], [Password], [PasswordSalt]) VALUES (16, N'usqqqer@user.com', N'zaDImdHQkEVERoaFPJIVCozF48sPwHI77fehbvXMVeDQbtt4dwZycGoDs+2z4kBNHeuWFe3SJ7QfrMp2hQ0Pqg==', N'100000.QdPCCNZcRAPSaPkTNwFqtnbHQXqk/4SY8SLs5G0Ev32WYA==')
INSERT [dbo].[AppUsers] ([Id], [Email], [Password], [PasswordSalt]) VALUES (17, N'admi777n@gmail.com', N'FrUBFhHoDA69hzsw6ngLisOgYptJRcuqXoXM3PUzhm2Ee6eCY4zfvwGhjBCML9VlGFpY6gfVmfe4UAvV49ca/A==', N'100000.PuS0r2N5HC4LrvIhDb0C7NPKDftseg2kiQcIWRVJLHrUKA==')
INSERT [dbo].[AppUsers] ([Id], [Email], [Password], [PasswordSalt]) VALUES (18, N'compadmi777n@gmail.com', N'zXBcakfSP7LBMFNw1wb4B8sABgS5Bt0Ra0BYhwRHrieBB8O+bJslBLeDPB5VHuybHJ5gSJAdRBxilj13QAxqAw==', N'100000.J8WiABewOgbaHnZMqkdURgBzd88XnBX9esnptDy1pAdVZQ==')
INSERT [dbo].[AppUsers] ([Id], [Email], [Password], [PasswordSalt]) VALUES (19, N'eeee@gmail.com', N'0oPYnox3eYx7EpZBMWhb3MDK7PbTYckKGlQehy+aWueo4M+iJYc2hFWGBuAn6GphZrLEXVbl6hI3bpgDp+FNow==', N'100000.J91DmenQcG1GPYVxwPG6CfYzjdJmgdXU0k+pxzaDJCywnw==')
INSERT [dbo].[AppUsers] ([Id], [Email], [Password], [PasswordSalt]) VALUES (20, N'eeee2@gmail.com', N'mXQt+mvccO2iO2O3QbrIq1UTa6TjwGTrhDqPC8nttHLMchNonIF+XO3b3BlGcpu9jTKZtr13WVBzR+LMaSQUvw==', N'100000.x+xVEJgiTRd8tyBW0Tvx/GxP5kL0y9riNLnVzNalLm4sGA==')
INSERT [dbo].[AppUsers] ([Id], [Email], [Password], [PasswordSalt]) VALUES (21, N'ya.kosteckiySA3@gmail.com', N'NgVnCgk3KECAEbD7ApYxsY0OnI1WPVrN/Tw7xgEvW7Rm53zI9zMOpS3KoOG4UAF6oBzIsVQkpEzFBueZzaGHqA==', N'100000.Om+9+r70DDvzetLAQiCoMr3Mu4W7xd2EfoSGGwT713IWwg==')
INSERT [dbo].[AppUsers] ([Id], [Email], [Password], [PasswordSalt]) VALUES (22, N'ya.kosteckiySA4@gmail.com', N'eEefiw5P/O8DmEUvXYQ/soMuRyqEC8cLpK/397hp32dhZzPkG7S4a+WXQGa7CzooImpJ6gn4u05yWPhTHxROEw==', N'100000.xj/T46IO+VbzPk9YM5IBG9F1eraaHFcJHg6oognYHUfCDQ==')
INSERT [dbo].[AppUsers] ([Id], [Email], [Password], [PasswordSalt]) VALUES (23, N'ya.kosteckiySA5@gmail.com', N'aQwt07C+HiDqVBlfPpzDRo+85zq2QlKybI+l9xBlTeEIOdq3jz0ycHk9jTLAPkdQ5ptjxoHf9hjx16l7a70vuA==', N'100000.IjsPreTUgVVPG+zzkfBTKlh5D7dXYPKVEynspJ5IQuViZA==')
SET IDENTITY_INSERT [dbo].[AppUsers] OFF
INSERT [dbo].[AppUserAppRoles] ([AppUser_Id], [AppRole_Id]) VALUES (23, 1)
INSERT [dbo].[AppUserAppRoles] ([AppUser_Id], [AppRole_Id]) VALUES (21, 2)
INSERT [dbo].[AppUserAppRoles] ([AppUser_Id], [AppRole_Id]) VALUES (22, 3)
INSERT [dbo].[UserProfiles] ([Id], [FirstName], [MidleName], [LastName], [Gender], [DateRegistration], [DateHired], [ContactNo]) VALUES (3, N'use323r1@user.com', N'use323r@user.com', N'use323r@user.com', 0, CAST(N'2017-02-02 00:00:00.0000000' AS DateTime2), CAST(N'2017-02-10 00:00:00.0000000' AS DateTime2), N'use323r@user.com')
INSERT [dbo].[UserProfiles] ([Id], [FirstName], [MidleName], [LastName], [Gender], [DateRegistration], [DateHired], [ContactNo]) VALUES (4, N'user636@user.com', N'user636@user.com', N'user636@user.com', 1, CAST(N'2017-02-02 00:00:00.0000000' AS DateTime2), CAST(N'2017-02-24 00:00:00.0000000' AS DateTime2), N'user636@user.com')
INSERT [dbo].[UserProfiles] ([Id], [FirstName], [MidleName], [LastName], [Gender], [DateRegistration], [DateHired], [ContactNo]) VALUES (7, N'userrr@user.com', N'userrr@user.com', N'userrr@user.com', 0, CAST(N'2017-02-09 00:00:00.0000000' AS DateTime2), CAST(N'2017-02-09 00:00:00.0000000' AS DateTime2), N'userrr@user.com')
INSERT [dbo].[UserProfiles] ([Id], [FirstName], [MidleName], [LastName], [Gender], [DateRegistration], [DateHired], [ContactNo]) VALUES (8, N'userrr1@user.com', N'userrr1@user.com', N'userrr1@user.com', 0, CAST(N'2017-02-09 00:00:00.0000000' AS DateTime2), CAST(N'2017-02-09 00:00:00.0000000' AS DateTime2), N'userrr1@user.com')
INSERT [dbo].[UserProfiles] ([Id], [FirstName], [MidleName], [LastName], [Gender], [DateRegistration], [DateHired], [ContactNo]) VALUES (10, N'u23ser@user.com', N'u23ser@user.com', N'u23ser@user.com', 0, CAST(N'2017-02-12 16:11:30.4330000' AS DateTime2), CAST(N'2017-02-11 00:00:00.0000000' AS DateTime2), N'u23ser@user.com')
INSERT [dbo].[UserProfiles] ([Id], [FirstName], [MidleName], [LastName], [Gender], [DateRegistration], [DateHired], [ContactNo]) VALUES (14, N'user@user.comggg', N'user@user.comggg', N'user@user.comggg', 1, CAST(N'2017-02-12 16:51:31.2156097' AS DateTime2), CAST(N'0001-01-01 00:00:00.0000000' AS DateTime2), N'user@user.comggg')
INSERT [dbo].[UserProfiles] ([Id], [FirstName], [MidleName], [LastName], [Gender], [DateRegistration], [DateHired], [ContactNo]) VALUES (15, N'u123ser@user.com', N'u123ser@user.com', N'u123ser@user.com', 1, CAST(N'2017-02-13 02:25:05.9842744' AS DateTime2), CAST(N'0001-01-01 00:00:00.0000000' AS DateTime2), N'u123ser@user.com')
INSERT [dbo].[UserProfiles] ([Id], [FirstName], [MidleName], [LastName], [Gender], [DateRegistration], [DateHired], [ContactNo]) VALUES (16, N'usqqqer@user.com', N'usqqqer@user.com', N'usqqqer@user.com', 1, CAST(N'2017-02-13 02:27:26.5891891' AS DateTime2), CAST(N'0001-01-01 00:00:00.0000000' AS DateTime2), N'usqqqer@user.com')
INSERT [dbo].[UserProfiles] ([Id], [FirstName], [MidleName], [LastName], [Gender], [DateRegistration], [DateHired], [ContactNo]) VALUES (17, N'admi777n@gmail.com', N'admi777n@gmail.com', N'admi777n@gmail.com', 0, NULL, NULL, N'admi777n@gmail.com')
INSERT [dbo].[UserProfiles] ([Id], [FirstName], [MidleName], [LastName], [Gender], [DateRegistration], [DateHired], [ContactNo]) VALUES (18, N'compadmi777n@gmail.com', N'compadmi777n@gmail.com', N'compadmi777n@gmail.com', 0, NULL, NULL, N'compadmi777n@gmail.com')
INSERT [dbo].[UserProfiles] ([Id], [FirstName], [MidleName], [LastName], [Gender], [DateRegistration], [DateHired], [ContactNo]) VALUES (19, N'eeee@gmail.com', N'eeee@gmail.com', N'eeee@gmail.com', 1, CAST(N'2017-02-13 02:50:36.7820315' AS DateTime2), CAST(N'0001-01-01 00:00:00.0000000' AS DateTime2), N'eeee@gmail.com')
INSERT [dbo].[UserProfiles] ([Id], [FirstName], [MidleName], [LastName], [Gender], [DateRegistration], [DateHired], [ContactNo]) VALUES (20, N'eeee2@gmail.com', N'eeee2@gmail.com', N'eeee2@gmail.com', 0, NULL, NULL, N'eeee2@gmail.com')
INSERT [dbo].[UserProfiles] ([Id], [FirstName], [MidleName], [LastName], [Gender], [DateRegistration], [DateHired], [ContactNo]) VALUES (21, N'sa3', N'sa3', N'sa3', 1, CAST(N'2017-02-13 21:52:35.7271752' AS DateTime2), CAST(N'2017-01-22 00:00:00.0000000' AS DateTime2), N'+380982453219')
INSERT [dbo].[UserProfiles] ([Id], [FirstName], [MidleName], [LastName], [Gender], [DateRegistration], [DateHired], [ContactNo]) VALUES (22, N'SA4', N'SA4', N'SA4', 0, NULL, NULL, N'+380982453219')
INSERT [dbo].[UserProfiles] ([Id], [FirstName], [MidleName], [LastName], [Gender], [DateRegistration], [DateHired], [ContactNo]) VALUES (23, N'SA5', N'SA5', N'SA5', 0, NULL, NULL, N'+380982453219')
SET IDENTITY_INSERT [dbo].[Dashboards] ON 

INSERT [dbo].[Dashboards] ([Id], [Title], [IdOwner], [IdDashboardAdmin]) VALUES (1, N'Apple Dashboard1', 23, 21)
INSERT [dbo].[Dashboards] ([Id], [Title], [IdOwner], [IdDashboardAdmin]) VALUES (2, N'Google Dashboard', 0, 0)
INSERT [dbo].[Dashboards] ([Id], [Title], [IdOwner], [IdDashboardAdmin]) VALUES (3, N'Mircosoft Dashboard', 0, 0)
SET IDENTITY_INSERT [dbo].[Dashboards] OFF
INSERT [dbo].[DashboardAppUsers] ([Dashboard_Id], [AppUser_Id]) VALUES (1, 3)
INSERT [dbo].[DashboardAppUsers] ([Dashboard_Id], [AppUser_Id]) VALUES (2, 3)
INSERT [dbo].[DashboardAppUsers] ([Dashboard_Id], [AppUser_Id]) VALUES (1, 4)
INSERT [dbo].[DashboardAppUsers] ([Dashboard_Id], [AppUser_Id]) VALUES (3, 4)
INSERT [dbo].[DashboardAppUsers] ([Dashboard_Id], [AppUser_Id]) VALUES (1, 7)
INSERT [dbo].[DashboardAppUsers] ([Dashboard_Id], [AppUser_Id]) VALUES (3, 7)
INSERT [dbo].[DashboardAppUsers] ([Dashboard_Id], [AppUser_Id]) VALUES (1, 16)
INSERT [dbo].[DashboardAppUsers] ([Dashboard_Id], [AppUser_Id]) VALUES (2, 16)
INSERT [dbo].[DashboardAppUsers] ([Dashboard_Id], [AppUser_Id]) VALUES (1, 20)
INSERT [dbo].[DashboardAppUsers] ([Dashboard_Id], [AppUser_Id]) VALUES (2, 20)
INSERT [dbo].[DashboardAppUsers] ([Dashboard_Id], [AppUser_Id]) VALUES (1, 21)
INSERT [dbo].[AspNetUsers] ([Id], [FirstName], [MidleName], [LastName], [Gender], [DateRegistration], [DateHired], [ContactNo], [Email], [EmailConfirmed], [PasswordHash], [SecurityStamp], [PhoneNumber], [PhoneNumberConfirmed], [TwoFactorEnabled], [LockoutEndDateUtc], [LockoutEnabled], [AccessFailedCount], [UserName]) VALUES (N'02f1b3fa-9881-48e4-9112-f4c1564ddfeb', N'Yaroslav', N'Yaroslavovich', N'Kostetskiy', 1, CAST(N'2017-01-20 00:45:56.740' AS DateTime), CAST(N'1999-01-22 00:00:00.000' AS DateTime), N'+380683691482', N'ya.kosteckiy@gmail.com', 0, N'ANTeuF3o3uQhTfjH7LMZHN+hoBlJ6e9QB/z23wKd/WUv3MGscutxuIG9YWlY0Xzg9A==', N'd945590e-bda5-4c54-a485-9dce312b55f1', NULL, 0, 0, NULL, 1, 0, N'ya.kosteckiy@gmail.com')
INSERT [dbo].[AspNetUsers] ([Id], [FirstName], [MidleName], [LastName], [Gender], [DateRegistration], [DateHired], [ContactNo], [Email], [EmailConfirmed], [PasswordHash], [SecurityStamp], [PhoneNumber], [PhoneNumberConfirmed], [TwoFactorEnabled], [LockoutEndDateUtc], [LockoutEnabled], [AccessFailedCount], [UserName]) VALUES (N'0a4a693e-e670-4248-9de2-42aff3024de2', N'Iurii', N'Larievich', N'Faevskii', 1, CAST(N'2017-01-18 18:12:36.863' AS DateTime), CAST(N'1996-03-13 00:00:00.000' AS DateTime), N'123456', N'urfaevskii@gmail.com', 0, N'AFpFDU8exWLL7CPjhgxxAsCadwNizWmvnTnwdDCShgqBQABHtLooo5alfDPf1/XeAA==', N'0af9f3b1-013b-4fbb-ac57-8776944e35bc', NULL, 0, 0, NULL, 1, 0, N'urfaevskii@gmail.com')
INSERT [dbo].[AspNetUsers] ([Id], [FirstName], [MidleName], [LastName], [Gender], [DateRegistration], [DateHired], [ContactNo], [Email], [EmailConfirmed], [PasswordHash], [SecurityStamp], [PhoneNumber], [PhoneNumberConfirmed], [TwoFactorEnabled], [LockoutEndDateUtc], [LockoutEnabled], [AccessFailedCount], [UserName]) VALUES (N'1fc99602-2904-490d-80ab-3c58653c384d', N'Filip', N'Filip', N'Filip', 1, CAST(N'2017-01-20 11:34:41.103' AS DateTime), CAST(N'1996-10-11 00:00:00.000' AS DateTime), N'+380677077992', N'lankok42@gmail.com', 0, N'AA5KM3hHhXgHVH8eRmLwPQzppnQR+OESRS7xt4fAcxKCsqhvBWevn/gVa2v9E7cI2w==', N'8780d591-4d56-4979-a719-3fb7707d6688', NULL, 0, 0, NULL, 1, 0, N'lankok42@gmail.com')
SET IDENTITY_INSERT [dbo].[DataSources] ON 

INSERT [dbo].[DataSources] ([Id], [ConnectionString], [Type], [ServerName], [UserName], [Password], [DatabaseName]) VALUES (1, N'Server=KOSTETSKIY-PC\SQLEXPRESS;Database=Company_Apple;Trusted_Connection=Yes;', N'MSSQL', N'KOSTETSKIY-PC\SQLEXPRESS', N'TRUSTED', N'TRUSTED', N'Company_Apple')
INSERT [dbo].[DataSources] ([Id], [ConnectionString], [Type], [ServerName], [UserName], [Password], [DatabaseName]) VALUES (2, N'Server=KOSTETSKIY-PC\SQLEXPRESS;Database=Company_Google;Trusted_Connection=Yes;', N'MSSQL', N'KOSTETSKIY-PC\SQLEXPRESS', N'TRUSTED', N'TRUSTED', N'Company_Google')
INSERT [dbo].[DataSources] ([Id], [ConnectionString], [Type], [ServerName], [UserName], [Password], [DatabaseName]) VALUES (3, N'Server=KOSTETSKIY-PC\SQLEXPRESS;Database=Company_Microsoft;Trusted_Connection=Yes;', N'MSSQL', N'KOSTETSKIY-PC\SQLEXPRESS', N'TRUSTED', N'TRUSTED', N'Company_Microsoft')
INSERT [dbo].[DataSources] ([Id], [ConnectionString], [Type], [ServerName], [UserName], [Password], [DatabaseName]) VALUES (4, N'1', N'1', N'11', N'1', N'1', N'1')
SET IDENTITY_INSERT [dbo].[DataSources] OFF
SET IDENTITY_INSERT [dbo].[Dashlets] ON 

INSERT [dbo].[Dashlets] ([Id], [Title], [DashboardId], [DataSourceId], [Sql], [Styles], [TextType], [TopSubLevel], [BottomSubTitle], [Position], [Column]) VALUES (1, NULL, 1, 1, NULL, NULL, NULL, NULL, NULL, 0, 0)
INSERT [dbo].[Dashlets] ([Id], [Title], [DashboardId], [DataSourceId], [Sql], [Styles], [TextType], [TopSubLevel], [BottomSubTitle], [Position], [Column]) VALUES (2, N'Dashlet #2', 1, 1, N'SELECT AVG(Profit) FROM Apple_Profit', N'background: #65536d;', N'It is TextType of the dashlet!', N'It is TopSubLevel of the dashlet!', N'It is BottomSubTitle of the dashlet!', 0, 1)
INSERT [dbo].[Dashlets] ([Id], [Title], [DashboardId], [DataSourceId], [Sql], [Styles], [TextType], [TopSubLevel], [BottomSubTitle], [Position], [Column]) VALUES (3, N'Dashlet #31', 1, 1, N'SELECT AVG(Profit) FROM Apple_Profit', N'background: #4ab300;', NULL, NULL, NULL, 0, 0)
INSERT [dbo].[Dashlets] ([Id], [Title], [DashboardId], [DataSourceId], [Sql], [Styles], [TextType], [TopSubLevel], [BottomSubTitle], [Position], [Column]) VALUES (5, N'Dashlet #4', 1, 1, N'SELECT AVG(Profit) FROM Apple_Profit', N'background: #65536d; color: white;', N'It is TextType of the dashlet!', N'It is TopSubLevel of the dashlet!', N'It is BottomSubTitle of the dashlet!', 1, 1)
INSERT [dbo].[Dashlets] ([Id], [Title], [DashboardId], [DataSourceId], [Sql], [Styles], [TextType], [TopSubLevel], [BottomSubTitle], [Position], [Column]) VALUES (7, N'Dashlet #6', 1, 1, N'SELECT AVG(Profit) FROM Apple_Profit', N'background: #4ab300;', N'It is TextType of the dashlet!', N'It is TopSubLevel of the dashlet!', N'It is BottomSubTitle of the dashlet!', 1, 3)
INSERT [dbo].[Dashlets] ([Id], [Title], [DashboardId], [DataSourceId], [Sql], [Styles], [TextType], [TopSubLevel], [BottomSubTitle], [Position], [Column]) VALUES (8, N'Dashlet #7 updated via burger 1', 1, 1, N'SELECT AVG(Profit) FROM Apple_Profit', N'background: yellow;color: blue;', N'It is TextType of the dashlet!', N'It is TopSubLevel of the dashlet!', N'It is BottomSubTitle of the dashlet!', 0, 2)
INSERT [dbo].[Dashlets] ([Id], [Title], [DashboardId], [DataSourceId], [Sql], [Styles], [TextType], [TopSubLevel], [BottomSubTitle], [Position], [Column]) VALUES (9, N'Dashlet #8', 1, 1, N'SELECT AVG(Profit) FROM Apple_Profit', N'background: #9301de;', N'It is TextType of the dashlet!', N'It is TopSubLevel of the dashlet!', N'It is BottomSubTitle of the dashlet!', 1, 2)
INSERT [dbo].[Dashlets] ([Id], [Title], [DashboardId], [DataSourceId], [Sql], [Styles], [TextType], [TopSubLevel], [BottomSubTitle], [Position], [Column]) VALUES (10, N'Dashlet #91', 1, 1, N'SELECT AVG(Profit) FROM Apple_Profit', N'background: #4ab300;', N'It is TextType of the dashlet!', N'It is TopSubLevel of the dashlet!', N'It is BottomSubTitle of the dashlet!', 0, 3)
INSERT [dbo].[Dashlets] ([Id], [Title], [DashboardId], [DataSourceId], [Sql], [Styles], [TextType], [TopSubLevel], [BottomSubTitle], [Position], [Column]) VALUES (14, N'sss', 2, 1, NULL, NULL, NULL, NULL, NULL, 0, 1)
SET IDENTITY_INSERT [dbo].[Dashlets] OFF